{"AUC": [0.7293788194656372, 0.8160752654075623, 0.8346627354621887, 0.8528798222541809, 0.8734241127967834, 0.8940146565437317, 0.9073398113250732, 0.9153925180435181, 0.9222809672355652, 0.9282990097999573, 0.9347682595252991, 0.9447540640830994, 0.9477545619010925, 0.9516388773918152, 0.9494304060935974, 0.9561070799827576, 0.9601437449455261, 0.9647635817527771, 0.9643408060073853, 0.9661225080490112, 0.9654508829116821, 0.9730416536331177, 0.9736957550048828, 0.9781546592712402, 0.977138102054596, 0.9803833961486816, 0.9781897664070129, 0.981309175491333, 0.9823756217956543, 0.9827146530151367], "accuracy": [0.41813603043556213, 0.496221661567688, 0.5321158766746521, 0.5579345226287842, 0.5724181532859802, 0.6095718145370483, 0.6316120624542236, 0.6498740315437317, 0.6612090468406677, 0.6700251698493958, 0.6851385235786438, 0.7229219079017639, 0.7254408001899719, 0.7267002463340759, 0.7235516309738159, 0.744332492351532, 0.745591938495636, 0.767632246017456, 0.7714105844497681, 0.7833753228187561, 0.7814861536026001, 0.7978589534759521, 0.8016372919082642, 0.8211587071418762, 0.8205289840698242, 0.8387909531593323, 0.8211587071418762, 0.8375315070152283, 0.8457179069519043, 0.8476070761680603], "loss": [2.104336977005005, 1.2336333990097046, 1.1550480127334595, 1.0921499729156494, 1.0096964836120605, 0.9376067519187927, 0.8639388680458069, 0.841389000415802, 0.7963980436325073, 0.7671633362770081, 0.7284280061721802, 0.6848676204681396, 0.6691703796386719, 0.6418508887290955, 0.6465411186218262, 0.6120777130126953, 0.5902286171913147, 0.5556268095970154, 0.5510318279266357, 0.5617701411247253, 0.5462887287139893, 0.49652352929115295, 0.47936519980430603, 0.4465503394603729, 0.46965765953063965, 0.4325593113899231, 0.44191107153892517, 0.4185274839401245, 0.4051346182823181, 0.39655041694641113], "precision": [0.4734917879104614, 0.7442622780799866, 0.790977418422699, 0.7701612710952759, 0.8054053783416748, 0.8125, 0.8465171456336975, 0.84108966588974, 0.8464818596839905, 0.8532494902610779, 0.8523290157318115, 0.8763388395309448, 0.8826335668563843, 0.8777459263801575, 0.8681522607803345, 0.8762157559394836, 0.8829787373542786, 0.884192705154419, 0.8926746249198914, 0.9165186285972595, 0.8906379342079163, 0.9109075665473938, 0.8980738520622253, 0.9117415547370911, 0.91015625, 0.9255813956260681, 0.9141296148300171, 0.917438268661499, 0.9146341681480408, 0.9162929654121399], "recall": [0.32619646191596985, 0.2858942151069641, 0.33123424649238586, 0.36083123087882996, 0.375314861536026, 0.41750630736351013, 0.45151132345199585, 0.4666246771812439, 0.5, 0.51259446144104, 0.5415617227554321, 0.5667506456375122, 0.5824937224388123, 0.5787153840065002, 0.5887909531593323, 0.6240554451942444, 0.6272040009498596, 0.6586901545524597, 0.6599496006965637, 0.6498740315437317, 0.6769521236419678, 0.6889168620109558, 0.7046599388122559, 0.7285894155502319, 0.733627200126648, 0.751889169216156, 0.73740553855896, 0.748740553855896, 0.755667507648468, 0.7720403075218201], "val_AUC": [0.6497381925582886, 0.6283119320869446, 0.6467474102973938, 0.5725187063217163, 0.6364887952804565, 0.6194161772727966, 0.575112521648407, 0.6223777532577515, 0.6506551504135132, 0.6553322076797485, 0.6724459528923035, 0.6953548789024353, 0.7015383839607239, 0.7139371037483215, 0.7337583303451538, 0.7520990967750549, 0.7754871249198914, 0.7790530920028687, 0.8119199872016907, 0.8164164423942566, 0.838507890701294, 0.8482275605201721, 0.8489400744438171, 0.856270968914032, 0.8590904474258423, 0.8629454374313354, 0.8616740107536316, 0.8636564016342163, 0.8638015985488892, 0.8641623258590698], "val_accuracy": [0.22864320874214172, 0.29145729541778564, 0.2964824140071869, 0.21608039736747742, 0.2939698398113251, 0.25628140568733215, 0.26633167266845703, 0.25628140568733215, 0.2839196026325226, 0.286432147026062, 0.3190954625606537, 0.34924623370170593, 0.3442211151123047, 0.356783926486969, 0.3819095492362976, 0.39698493480682373, 0.43718594312667847, 0.4396984875202179, 0.47236180305480957, 0.4899497628211975, 0.5301507711410522, 0.5653266310691833, 0.570351779460907, 0.5979899764060974, 0.6105527877807617, 0.5979899764060974, 0.6105527877807617, 0.6005024909973145, 0.6080402135848999, 0.6130653023719788], "val_loss": [1.4899632930755615, 1.5798159837722778, 1.6143947839736938, 1.8428394794464111, 1.8090317249298096, 1.9157758951187134, 2.0116186141967773, 1.835503101348877, 1.7012553215026855, 1.7289820909500122, 1.5754423141479492, 1.47956383228302, 1.5077862739562988, 1.4829038381576538, 1.432349681854248, 1.3750370740890503, 1.3029831647872925, 1.3516483306884766, 1.2091124057769775, 1.2237814664840698, 1.12842857837677, 1.1091467142105103, 1.130447268486023, 1.122583270072937, 1.1221879720687866, 1.105002522468567, 1.1377736330032349, 1.142886757850647, 1.161932110786438, 1.1685799360275269], "val_precision": [1.0, 1.0, 1.0, 0.37735849618911743, 0.5961538553237915, 0.31333333253860474, 0.324528306722641, 0.3284132778644562, 0.38967135548591614, 0.3527131676673889, 0.4175257682800293, 0.4937500059604645, 0.4300000071525574, 0.4527363181114197, 0.4880382716655731, 0.5291262269020081, 0.5933014154434204, 0.5439330339431763, 0.6266094446182251, 0.6047430634498596, 0.6333333253860474, 0.671875, 0.6516854166984558, 0.6666666865348816, 0.6885812878608704, 0.6875, 0.6875, 0.6840391159057617, 0.6857143044471741, 0.6708074808120728], "val_recall": [0.05025125667452812, 0.04271356761455536, 0.06532663106918335, 0.10050251334905624, 0.1557788997888565, 0.23618090152740479, 0.21608039736747742, 0.22361809015274048, 0.20854271948337555, 0.22864320874214172, 0.2035175859928131, 0.19849246740341187, 0.21608039736747742, 0.22864320874214172, 0.25628140568733215, 0.2738693356513977, 0.311557799577713, 0.32663315534591675, 0.3668341636657715, 0.3844221234321594, 0.3819095492362976, 0.43216079473495483, 0.43718594312667847, 0.48241207003593445, 0.5, 0.4974874258041382, 0.5251256227493286, 0.5276381969451904, 0.5427135825157166, 0.5427135825157166], "val_weighted_f1": [0.18621636927127838, 0.2219557911157608, 0.23514607548713684, 0.14678768813610077, 0.2214110940694809, 0.17016305029392242, 0.18968667089939117, 0.17412583529949188, 0.2141353189945221, 0.21094247698783875, 0.2592109441757202, 0.2873325049877167, 0.2806159555912018, 0.29645317792892456, 0.32180389761924744, 0.3416807949542999, 0.3793259561061859, 0.3805021345615387, 0.4274563193321228, 0.44648972153663635, 0.49735599756240845, 0.5376080870628357, 0.5445883274078369, 0.5833872556686401, 0.6151555180549622, 0.5997784733772278, 0.6107980608940125, 0.5946536064147949, 0.606269359588623, 0.613726019859314], "weighted_f1": [0.4208005964756012, 0.49776649475097656, 0.5365010499954224, 0.5542171597480774, 0.5684509873390198, 0.6031763553619385, 0.6297942399978638, 0.642819881439209, 0.6564499139785767, 0.6663169860839844, 0.6834942102432251, 0.7229845523834229, 0.7242355346679688, 0.7295964956283569, 0.7221628427505493, 0.7452397346496582, 0.7457205057144165, 0.7655184268951416, 0.7709737420082092, 0.7848480939865112, 0.781486988067627, 0.7967908978462219, 0.8008834719657898, 0.8213696479797363, 0.8203935027122498, 0.8391596078872681, 0.8228137493133545, 0.8385294079780579, 0.8437268733978271, 0.8494601249694824], "learning_rate": [0.0005000000237487257, 0.0005000000237487257, 0.0005000000237487257, 0.0005000000237487257, 0.0002500000118743628, 0.0002500000118743628, 0.0002500000118743628, 0.0001250000059371814, 0.0001250000059371814, 0.0001250000059371814, 6.25000029685907e-05, 6.25000029685907e-05, 6.25000029685907e-05, 6.25000029685907e-05, 6.25000029685907e-05, 6.25000029685907e-05, 6.25000029685907e-05, 6.25000029685907e-05, 6.25000029685907e-05, 6.25000029685907e-05, 6.25000029685907e-05, 6.25000029685907e-05, 6.25000029685907e-05, 6.25000029685907e-05, 6.25000029685907e-05, 3.125000148429535e-05, 3.125000148429535e-05, 3.125000148429535e-05, 3.125000148429535e-05, 1.5625000742147677e-05]}