{"AUC": [0.6973919868469238, 0.7605763673782349, 0.7904207110404968, 0.8134716749191284, 0.8257612586021423, 0.845138430595398, 0.8525899648666382, 0.8686596751213074, 0.8936333060264587, 0.893712043762207, 0.910834789276123, 0.9134273529052734, 0.9273707270622253, 0.9314435720443726, 0.9449751377105713, 0.9516244530677795, 0.9559428691864014, 0.9629873633384705, 0.9641955494880676, 0.9686678051948547, 0.9731837511062622, 0.9722094535827637, 0.977079451084137, 0.9787732362747192, 0.9777531623840332, 0.980710506439209, 0.9801450967788696], "accuracy": [0.369017630815506, 0.38916876912117004, 0.42380353808403015, 0.45465993881225586, 0.48362720012664795, 0.497481107711792, 0.50629723072052, 0.5358942151069641, 0.5761964917182922, 0.5768262147903442, 0.6152393221855164, 0.6164987683296204, 0.6423173546791077, 0.6574307084083557, 0.6882871389389038, 0.6926952004432678, 0.7210327386856079, 0.74370276927948, 0.744962215423584, 0.755667507648468, 0.7821158766746521, 0.7720403075218201, 0.7965995073318481, 0.8016372919082642, 0.7808564305305481, 0.8129723072052002, 0.8123425841331482], "loss": [2.112687110900879, 1.3291507959365845, 1.2636390924453735, 1.1699987649917603, 1.1397539377212524, 1.0705149173736572, 1.0482518672943115, 1.0024982690811157, 0.9076569080352783, 0.8835628032684326, 0.8110845685005188, 0.8003876209259033, 0.7119814157485962, 0.7189562320709229, 0.6302380561828613, 0.5716909766197205, 0.5424792170524597, 0.492624968290329, 0.497306227684021, 0.45567217469215393, 0.43434107303619385, 0.4305095076560974, 0.39870738983154297, 0.3848332464694977, 0.3819694519042969, 0.36165478825569153, 0.3740392327308655], "precision": [0.48531290888786316, 0.7306034564971924, 0.7655601501464844, 0.7870036363601685, 0.745398759841919, 0.7866043448448181, 0.7729083895683289, 0.7638376355171204, 0.7773972749710083, 0.7997671961784363, 0.8064171075820923, 0.794899046421051, 0.8007518649101257, 0.8042085766792297, 0.8212435245513916, 0.8138211369514465, 0.8262243270874023, 0.8502303957939148, 0.8413792848587036, 0.8558421730995178, 0.8742559552192688, 0.8648244738578796, 0.8735294342041016, 0.8796498775482178, 0.8605319857597351, 0.8762446641921997, 0.8921496868133545], "recall": [0.23929470777511597, 0.21347607672214508, 0.23236775398254395, 0.2745591998100281, 0.3060453534126282, 0.3180100619792938, 0.366498738527298, 0.39105793833732605, 0.42884132266044617, 0.4326196610927582, 0.4748110771179199, 0.4710327386856079, 0.5365239381790161, 0.5535264611244202, 0.5988665223121643, 0.6303526163101196, 0.6586901545524597, 0.6971032619476318, 0.6914357542991638, 0.7103274464607239, 0.739924430847168, 0.7292191386222839, 0.748110830783844, 0.75944584608078, 0.753778338432312, 0.7758186459541321, 0.7657430768013], "val_AUC": [0.5919594764709473, 0.6435293555259705, 0.5963926911354065, 0.6176579594612122, 0.6710231304168701, 0.7581043243408203, 0.7991213202476501, 0.8165845274925232, 0.8404648900032043, 0.8485889434814453, 0.8317971229553223, 0.8608368635177612, 0.8523475527763367, 0.8591654896736145, 0.8579241633415222, 0.8626376390457153, 0.8623771667480469, 0.8535366654396057, 0.8668482303619385, 0.8552126884460449, 0.8561739325523376, 0.8609559535980225, 0.8631482124328613, 0.8573379516601562, 0.8636280298233032, 0.8613781332969666, 0.8610578179359436], "val_accuracy": [0.1909547746181488, 0.3668341636657715, 0.23366834223270416, 0.23366834223270416, 0.24371859431266785, 0.4396984875202179, 0.4673366844654083, 0.4522612988948822, 0.5150753855705261, 0.5653266310691833, 0.5075376629829407, 0.5879396796226501, 0.5502512454986572, 0.6105527877807617, 0.5502512454986572, 0.6005024909973145, 0.5954774022102356, 0.5929648280143738, 0.6155778765678406, 0.5954774022102356, 0.6080402135848999, 0.6331658363342285, 0.6206030249595642, 0.6080402135848999, 0.6180904507637024, 0.623115599155426, 0.6256281137466431], "val_loss": [1.598657488822937, 1.507305383682251, 1.6677379608154297, 1.5575276613235474, 1.5064080953598022, 1.3065319061279297, 1.2077300548553467, 1.1680601835250854, 1.0942983627319336, 1.0938879251480103, 1.1156392097473145, 1.0547544956207275, 1.1117198467254639, 1.110696792602539, 1.1696364879608154, 1.1675440073013306, 1.1213667392730713, 1.228797197341919, 1.1625618934631348, 1.2490648031234741, 1.3323571681976318, 1.305614948272705, 1.290108561515808, 1.3195619583129883, 1.3279486894607544, 1.3414884805679321, 1.35737144947052], "val_precision": [1.0, 1.0, 0.782608687877655, 0.4724409580230713, 0.4385964870452881, 0.7755101919174194, 0.9058823585510254, 0.9848484992980957, 0.8253968358039856, 0.7947019934654236, 0.7041420340538025, 0.7260273694992065, 0.6778242588043213, 0.7336065769195557, 0.658088207244873, 0.6818181872367859, 0.6791808605194092, 0.6757678985595703, 0.7128713130950928, 0.65625, 0.6479290127754211, 0.6714697480201721, 0.6657142639160156, 0.6547619104385376, 0.668571412563324, 0.6609195470809937, 0.6581920981407166], "val_recall": [0.057788945734500885, 0.06783919781446457, 0.09045226126909256, 0.15075376629829407, 0.12562814354896545, 0.0954773873090744, 0.19346733391284943, 0.16331657767295837, 0.2613065242767334, 0.30150753259658813, 0.2989949882030487, 0.39949747920036316, 0.4070351719856262, 0.4497487545013428, 0.4497487545013428, 0.4899497628211975, 0.5, 0.4974874258041382, 0.5427135825157166, 0.5276381969451904, 0.5502512454986572, 0.5854271650314331, 0.5854271650314331, 0.552763819694519, 0.5879396796226501, 0.5778894424438477, 0.5854271650314331], "val_weighted_f1": [0.1644475758075714, 0.33773550391197205, 0.19737043976783752, 0.17801406979560852, 0.20509904623031616, 0.41935914754867554, 0.42367756366729736, 0.43078821897506714, 0.4929596185684204, 0.5418347716331482, 0.4925227463245392, 0.5866872072219849, 0.5543738007545471, 0.5839372277259827, 0.5194264054298401, 0.5891988277435303, 0.5958841443061829, 0.5936452746391296, 0.614499032497406, 0.593447744846344, 0.6095942854881287, 0.6249958276748657, 0.6131600737571716, 0.6065990924835205, 0.6122815608978271, 0.6158069372177124, 0.6192519068717957], "weighted_f1": [0.3589147925376892, 0.3734326660633087, 0.4035983383655548, 0.4518067240715027, 0.47211310267448425, 0.49270251393318176, 0.49972960352897644, 0.5156506896018982, 0.554597020149231, 0.5648816823959351, 0.6082130670547485, 0.6128832101821899, 0.6377084851264954, 0.649044930934906, 0.6885398030281067, 0.6913648247718811, 0.7197412252426147, 0.743664562702179, 0.7463365197181702, 0.7574518322944641, 0.7827162146568298, 0.7749575972557068, 0.7972150444984436, 0.8069323897361755, 0.7863396406173706, 0.8133770227432251, 0.8166511654853821], "learning_rate": [0.0005000000237487257, 0.0005000000237487257, 0.0005000000237487257, 0.0005000000237487257, 0.0005000000237487257, 0.0005000000237487257, 0.0005000000237487257, 0.0005000000237487257, 0.0005000000237487257, 0.0005000000237487257, 0.0005000000237487257, 0.0005000000237487257, 0.0005000000237487257, 0.0005000000237487257, 0.0005000000237487257, 0.0002500000118743628, 0.0002500000118743628, 0.0002500000118743628, 0.0001250000059371814, 0.0001250000059371814, 0.0001250000059371814, 6.25000029685907e-05, 6.25000029685907e-05, 6.25000029685907e-05, 3.125000148429535e-05, 3.125000148429535e-05, 3.125000148429535e-05]}