{"AUC": [0.7132434844970703, 0.8138540983200073, 0.8412235379219055, 0.8724117279052734, 0.8758121728897095, 0.8893662095069885, 0.905638575553894, 0.9148227572441101, 0.9190831184387207, 0.9309741258621216, 0.9354782104492188, 0.9342961311340332, 0.9384854435920715, 0.9451568722724915, 0.945717990398407, 0.9474195837974548, 0.9476171135902405, 0.9517075419425964, 0.9507661461830139, 0.9470087289810181, 0.9472377896308899, 0.9509700536727905, 0.9494061470031738, 0.9515313506126404, 0.953445315361023, 0.95241379737854, 0.9503478407859802, 0.9498854875564575, 0.9527785181999207, 0.9542885422706604, 0.953015148639679, 0.953548789024353, 0.953413188457489, 0.9577362537384033, 0.9531449675559998, 0.9555481672286987, 0.9511566758155823, 0.9537613391876221, 0.9548898339271545, 0.9525347948074341, 0.9568824172019958, 0.9540224075317383, 0.9567253589630127, 0.9554792046546936, 0.9530746340751648, 0.9515120983123779, 0.9531496167182922, 0.9545775055885315, 0.9553360939025879, 0.9538742303848267], "accuracy": [0.4074307382106781, 0.516372799873352, 0.5686398148536682, 0.6013854146003723, 0.5938287377357483, 0.6083123683929443, 0.6416876316070557, 0.6675062775611877, 0.6637279391288757, 0.6895465850830078, 0.6914357542991638, 0.6870276927947998, 0.7115868926048279, 0.7197732925415039, 0.732367753982544, 0.7342569231987, 0.736146092414856, 0.747481107711792, 0.736775815486908, 0.732367753982544, 0.7178841233253479, 0.744962215423584, 0.739924430847168, 0.739924430847168, 0.74370276927948, 0.734886646270752, 0.741183876991272, 0.7241813540458679, 0.74685138463974, 0.749370276927948, 0.749370276927948, 0.739924430847168, 0.74370276927948, 0.7657430768013, 0.735516369342804, 0.75629723072052, 0.746221661567688, 0.744962215423584, 0.752518892288208, 0.739294707775116, 0.75314861536026, 0.749370276927948, 0.75629723072052, 0.751889169216156, 0.741183876991272, 0.739924430847168, 0.742443323135376, 0.75944584608078, 0.756926953792572, 0.758186399936676], "loss": [2.101003408432007, 1.2527364492416382, 1.1316134929656982, 1.0419650077819824, 1.0120677947998047, 0.9456328749656677, 0.8882918953895569, 0.8453657627105713, 0.8300488591194153, 0.786309540271759, 0.7518342733383179, 0.7586485147476196, 0.7368234992027283, 0.6986493468284607, 0.6995660662651062, 0.6930634379386902, 0.6869990825653076, 0.6638244986534119, 0.6726394891738892, 0.6793155074119568, 0.6806746125221252, 0.673132061958313, 0.6824860572814941, 0.6676173806190491, 0.656478762626648, 0.6550257802009583, 0.6742511987686157, 0.6665877103805542, 0.6591174006462097, 0.651567816734314, 0.6478245854377747, 0.6569948792457581, 0.668936014175415, 0.6370190382003784, 0.6485752463340759, 0.6475865244865417, 0.6618144512176514, 0.6486973762512207, 0.653184711933136, 0.6590692400932312, 0.6382825970649719, 0.6494402885437012, 0.6345743536949158, 0.6416011452674866, 0.6561486124992371, 0.6643942594528198, 0.6573834419250488, 0.6437457203865051, 0.6412932872772217, 0.6514200568199158], "precision": [0.4672206938266754, 0.687953531742096, 0.7907949686050415, 0.8290598392486572, 0.768187403678894, 0.8151775002479553, 0.8401880264282227, 0.8453724384307861, 0.8360128402709961, 0.8603895902633667, 0.8785942196846008, 0.8580508232116699, 0.8788198232650757, 0.8808080554008484, 0.8736532926559448, 0.8726053833961487, 0.8671952486038208, 0.8778195381164551, 0.8716216087341309, 0.8519579768180847, 0.8797653913497925, 0.8728155493736267, 0.8752436637878418, 0.8937621712684631, 0.8876080513000488, 0.876579225063324, 0.8739088177680969, 0.8748806118965149, 0.8863198161125183, 0.8856304883956909, 0.8859315514564514, 0.8981748223304749, 0.8926108479499817, 0.8947867155075073, 0.8714821934700012, 0.8986486196517944, 0.8825757503509521, 0.8931000828742981, 0.8889943361282349, 0.8885686993598938, 0.9131707549095154, 0.8839622735977173, 0.89952152967453, 0.8939535021781921, 0.868991494178772, 0.8913676142692566, 0.9021526575088501, 0.8926174640655518, 0.8919431567192078, 0.8753541111946106], "recall": [0.3186397850513458, 0.29848867654800415, 0.35705289244651794, 0.366498738527298, 0.39231738448143005, 0.41939547657966614, 0.45025187730789185, 0.4716624617576599, 0.491183876991272, 0.500629723072052, 0.5195214152336121, 0.510075569152832, 0.5251889228820801, 0.5491183996200562, 0.5617128610610962, 0.5736775994300842, 0.5510075688362122, 0.5881612300872803, 0.5686398148536682, 0.5617128610610962, 0.5667506456375122, 0.5661209225654602, 0.5654911994934082, 0.5774559378623962, 0.5818639993667603, 0.5680100917816162, 0.5673803687095642, 0.5768262147903442, 0.5793451070785522, 0.5705289840698242, 0.5869017839431763, 0.5887909531593323, 0.5705289840698242, 0.5944584608078003, 0.5850126147270203, 0.5862720608711243, 0.5869017839431763, 0.5787153840065002, 0.5900503993034363, 0.5824937224388123, 0.5894206762313843, 0.5900503993034363, 0.5919395685195923, 0.6051637530326843, 0.5806045532226562, 0.5787153840065002, 0.5806045532226562, 0.5862720608711243, 0.5925692915916443, 0.5837531685829163], "val_AUC": [0.6564970016479492, 0.5404235124588013, 0.5333498120307922, 0.5276657938957214, 0.5242663025856018, 0.5314472913742065, 0.5290562510490417, 0.5308143496513367, 0.5361306667327881, 0.5420207381248474, 0.5439169406890869, 0.5518192052841187, 0.5559108257293701, 0.5649746656417847, 0.5756451487541199, 0.5842269659042358, 0.5925875902175903, 0.6018992066383362, 0.6081578135490417, 0.620928943157196, 0.6351615190505981, 0.6496656537055969, 0.6630118489265442, 0.6755566596984863, 0.6879025101661682, 0.6993597149848938, 0.7104326486587524, 0.721981406211853, 0.7343887686729431, 0.7464797496795654, 0.7592326998710632, 0.7712912559509277, 0.7816168665885925, 0.7914044260978699, 0.8001960515975952, 0.8084865212440491, 0.8161694407463074, 0.8231673240661621, 0.8296019434928894, 0.8351944088935852, 0.8402478694915771, 0.8442455530166626, 0.8468449115753174, 0.8492682576179504, 0.8518669009208679, 0.8535320162773132, 0.8551899194717407, 0.8560572266578674, 0.8570127487182617, 0.8578405380249023], "val_accuracy": [0.24120603501796722, 0.1783919632434845, 0.17085427045822144, 0.21859297156333923, 0.19849246740341187, 0.18592964112758636, 0.18844221532344818, 0.18592964112758636, 0.18592964112758636, 0.18592964112758636, 0.18592964112758636, 0.18592964112758636, 0.18592964112758636, 0.18844221532344818, 0.18844221532344818, 0.19597989320755005, 0.20854271948337555, 0.21859297156333923, 0.2261306494474411, 0.2386934608221054, 0.24623115360736847, 0.26633167266845703, 0.26884421706199646, 0.27889448404312134, 0.28894472122192383, 0.311557799577713, 0.34170854091644287, 0.37185928225517273, 0.39949747920036316, 0.41206029057502747, 0.43718594312667847, 0.44723618030548096, 0.47989949584007263, 0.48241207003593445, 0.49246230721473694, 0.5, 0.5075376629829407, 0.5175879597663879, 0.5326633453369141, 0.552763819694519, 0.5603014826774597, 0.570351779460907, 0.5804020166397095, 0.5854271650314331, 0.5854271650314331, 0.5954774022102356, 0.6005024909973145, 0.5979899764060974, 0.6005024909973145, 0.5979899764060974],