{"AUC": [0.7438881397247314, 0.8431484699249268, 0.8801090717315674, 0.8961089253425598, 0.9392935633659363, 0.9587516188621521, 0.9694859981536865, 0.9789394736289978, 0.9863476753234863, 0.9906817078590393, 0.994149386882782, 0.9945713877677917, 0.9965269565582275, 0.9982134103775024, 0.9985988140106201, 0.9986339211463928, 0.9991559386253357, 0.9988197088241577, 0.999312698841095], "accuracy": [0.44899243116378784, 0.5421914458274841, 0.6215365529060364, 0.6391687393188477, 0.7128463387489319, 0.7695214152336121, 0.8085642457008362, 0.8362720608711243, 0.8690176606178284, 0.8948362469673157, 0.9294710159301758, 0.9319899082183838, 0.9502518773078918, 0.9584382772445679, 0.9615868926048279, 0.9653652310371399, 0.9754408001899719, 0.9767002463340759, 0.9773299694061279], "loss": [1.9578914642333984, 1.1341997385025024, 1.0050737857818604, 0.9216936826705933, 0.718121349811554, 0.6183044910430908, 0.5238640308380127, 0.4447988271713257, 0.36028698086738586, 0.29968780279159546, 0.24309267103672028, 0.22055472433567047, 0.17647670209407806, 0.13349615037441254, 0.11214984953403473, 0.11751019209623337, 0.08917070925235748, 0.08858834952116013, 0.07430845499038696], "precision": [0.5295381546020508, 0.6856810450553894, 0.7344228625297546, 0.7956204414367676, 0.8570127487182617, 0.8634471297264099, 0.884704053401947, 0.9023845195770264, 0.9180327653884888, 0.9310580492019653, 0.9529885649681091, 0.9471968412399292, 0.9602605700492859, 0.971116840839386, 0.9680715203285217, 0.9718490242958069, 0.9784809947013855, 0.985303521156311, 0.982824444770813], "recall": [0.3104534149169922, 0.370906800031662, 0.45277076959609985, 0.48047858476638794, 0.5925692915916443, 0.6530226469039917, 0.7248110771179199, 0.76259446144104, 0.8110831379890442, 0.8589420914649963, 0.8935768008232117, 0.9149873852729797, 0.9282115697860718, 0.9527707695960999, 0.9546599388122559, 0.9565491080284119, 0.9735516309738159, 0.9710327386856079, 0.9729219079017639], "val_AUC": [0.6071500778198242, 0.6402000784873962, 0.6276600956916809, 0.6039280891418457, 0.6556037068367004, 0.7279543280601501, 0.7735157608985901, 0.8334101438522339, 0.8148089647293091, 0.8524752259254456, 0.8464267253875732, 0.8302519917488098, 0.8504489064216614, 0.8591585159301758, 0.8618555068969727, 0.8536645174026489, 0.8567862510681152, 0.8499130010604858, 0.8536801934242249], "val_accuracy": [0.25628140568733215, 0.23115578293800354, 0.23115578293800354, 0.26633167266845703, 0.3065326511859894, 0.37185928225517273, 0.44723618030548096, 0.5653266310691833, 0.5402010083198547, 0.570351779460907, 0.5552763938903809, 0.5753768682479858, 0.5954774022102356, 0.6030150651931763, 0.6130653023719788, 0.590452253818512, 0.5954774022102356, 0.5854271650314331, 0.5954774022102356], "val_loss": [1.7899495363235474, 2.9254748821258545, 2.7079787254333496, 2.4451749324798584, 1.737209439277649, 1.4695625305175781, 1.3051141500473022, 1.1647155284881592, 1.2784143686294556, 1.1171284914016724, 1.1806422472000122, 1.551114797592163, 1.4810503721237183, 1.3263540267944336, 1.4328947067260742, 1.434252142906189, 1.4575793743133545, 1.5496333837509155, 1.603461742401123], "val_precision": [0.25, 0.22979797422885895, 0.23115578293800354, 0.26700252294540405, 0.37142857909202576, 0.43697479367256165, 0.5777778029441833, 0.6725978851318359, 0.6267605423927307, 0.638225257396698, 0.628664493560791, 0.6040462255477905, 0.632311999797821, 0.625, 0.6306068897247314, 0.6302521228790283, 0.6267409324645996, 0.6103542447090149, 0.6172506809234619], "val_recall": [0.22864320874214172, 0.22864320874214172, 0.23115578293800354, 0.26633167266845703, 0.2939698398113251, 0.2613065242767334, 0.32663315534591675, 0.4748743772506714, 0.44723618030548096, 0.46984925866127014, 0.4849246144294739, 0.5251256227493286, 0.570351779460907, 0.552763819694519, 0.6005024909973145, 0.5653266310691833, 0.5653266310691833, 0.5628140568733215, 0.5753768682479858], "val_weighted_f1": [0.1729397028684616, 0.13363657891750336, 0.13363657891750336, 0.18338002264499664, 0.22775687277317047, 0.341745525598526, 0.4263415038585663, 0.5281838774681091, 0.5109553337097168, 0.5790860652923584, 0.5529968738555908, 0.5432227253913879, 0.5804105401039124, 0.6038390398025513, 0.596240222454071, 0.5858957171440125, 0.5919604301452637, 0.586201548576355, 0.5864726305007935], "weighted_f1": [0.4421045184135437, 0.5427345633506775, 0.6229862570762634, 0.6301409006118774, 0.7105074524879456, 0.768455445766449, 0.8116240501403809, 0.8377886414527893, 0.8704193830490112, 0.8937731385231018, 0.9296008944511414, 0.933485746383667, 0.9518073797225952, 0.9590455889701843, 0.9621981978416443, 0.9664660096168518, 0.9757642149925232, 0.9771112203598022, 0.9778106808662415], "learning_rate": [0.0005000000237487257, 0.0005000000237487257, 0.0005000000237487257, 0.0005000000237487257, 0.0002500000118743628, 0.0002500000118743628, 0.0002500000118743628, 0.0002500000118743628, 0.0002500000118743628, 0.0002500000118743628, 0.0002500000118743628, 0.0002500000118743628, 0.0002500000118743628, 0.0001250000059371814, 0.0001250000059371814, 0.0001250000059371814, 6.25000029685907e-05, 6.25000029685907e-05, 6.25000029685907e-05]}