{"AUC": [0.6390910148620605, 0.7163129448890686, 0.7137903571128845, 0.7488374710083008, 0.7554836869239807, 0.7697445750236511, 0.7802881002426147, 0.7918965816497803, 0.7920180559158325, 0.8013364672660828, 0.817341148853302, 0.8240100741386414, 0.8286818861961365, 0.8319283723831177, 0.8336997032165527, 0.8481385707855225, 0.8457077145576477, 0.8521104454994202, 0.8524026870727539, 0.8586781024932861, 0.8581729531288147, 0.8569663166999817, 0.8653777241706848, 0.8648578524589539, 0.8662386536598206, 0.869857668876648, 0.8624783754348755, 0.8669540882110596, 0.8708161115646362, 0.8764873147010803, 0.8773558735847473, 0.8793795704841614, 0.880248486995697, 0.8808472752571106, 0.8864433169364929, 0.8830080628395081, 0.8871880173683167, 0.8912650346755981, 0.8886386752128601], "accuracy": [0.36335012316703796, 0.41876575350761414, 0.42317381501197815, 0.4609571695327759, 0.47921913862228394, 0.48173803091049194, 0.4729219079017639, 0.496221661567688, 0.511335015296936, 0.5283375382423401, 0.5352644920349121, 0.5472292304039001, 0.5409319996833801, 0.5516372919082642, 0.5358942151069641, 0.5636020302772522, 0.5465995073318481, 0.5610831379890442, 0.5642317533493042, 0.5812342762947083, 0.5743073225021362, 0.5717884302139282, 0.5850126147270203, 0.5774559378623962, 0.5806045532226562, 0.5969773530960083, 0.5812342762947083, 0.5774559378623962, 0.5806045532226562, 0.5799748301506042, 0.5982367992401123, 0.6133501529693604, 0.6032745838165283, 0.6045340299606323, 0.6001259684562683, 0.5994962453842163, 0.6095718145370483, 0.6051637530326843, 0.5982367992401123], "loss": [8.542609214782715, 2.8241453170776367, 1.7780475616455078, 1.5341707468032837, 1.5171583890914917, 1.4080371856689453, 1.3757662773132324, 1.3272054195404053, 1.2848870754241943, 1.282477617263794, 1.2288057804107666, 1.1930707693099976, 1.201843023300171, 1.1788859367370605, 1.1589146852493286, 1.1142830848693848, 1.1210832595825195, 1.1059086322784424, 1.1009461879730225, 1.079479455947876, 1.0892328023910522, 1.1141159534454346, 1.0558068752288818, 1.0519568920135498, 1.054967999458313, 1.0339282751083374, 1.0617526769638062, 1.0498679876327515, 1.0340749025344849, 1.0103036165237427, 1.006825566291809, 1.0051368474960327, 0.9998717904090881, 0.9902827739715576, 0.9823629856109619, 0.9818945527076721, 0.9614010453224182, 0.9484423398971558, 0.9533582925796509], "precision": [0.36784565448760986, 0.4529702961444855, 0.6026711463928223, 0.615146815776825, 0.6829268336296082, 0.7474949955940247, 0.7460317611694336, 0.7790697813034058, 0.8043052554130554, 0.8073930144309998, 0.8212927579879761, 0.8472998142242432, 0.7935153841972351, 0.78125, 0.801948070526123, 0.8291873931884766, 0.8222939968109131, 0.8246753215789795, 0.8208516836166382, 0.8251851797103882, 0.8501529097557068, 0.8395638465881348, 0.8252840638160706, 0.8154506683349609, 0.8345428109169006, 0.8412256240844727, 0.8333333134651184, 0.8494783639907837, 0.8330996036529541, 0.832617998123169, 0.8529411554336548, 0.864827573299408, 0.8362652063369751, 0.826478123664856, 0.8514211773872375, 0.8360863924026489, 0.8704453706741333, 0.8352200984954834, 0.8470906615257263], "recall": [0.36020150780677795, 0.3457178771495819, 0.22732996940612793, 0.250629723072052, 0.24685138463974, 0.23488664627075195, 0.23677581548690796, 0.25314861536026, 0.258816123008728, 0.26133501529693604, 0.27204030752182007, 0.2865239381790161, 0.29282116889953613, 0.3148614466190338, 0.3110831379890442, 0.3148614466190338, 0.32052895426750183, 0.31989923119544983, 0.35201510787010193, 0.3507556617259979, 0.3501259386539459, 0.3394206464290619, 0.36586901545524597, 0.35894206166267395, 0.36209067702293396, 0.380352646112442, 0.35579344630241394, 0.35894206166267395, 0.374055415391922, 0.366498738527298, 0.383501261472702, 0.39483627676963806, 0.38916876912117004, 0.4049118459224701, 0.4149874150753021, 0.4143576920032501, 0.4061712920665741, 0.41813603043556213, 0.39420655369758606], "val_AUC": [0.5730252861976624, 0.4877583682537079, 0.46208512783050537, 0.4912060499191284, 0.4912060499191284, 0.4912060499191284, 0.4912060499191284, 0.4912060499191284, 0.4910087287425995, 0.48041874170303345, 0.47834891080856323, 0.48173975944519043, 0.4959525763988495, 0.5235008001327515, 0.5651072859764099, 0.5939646363258362, 0.6043952703475952, 0.6268109679222107, 0.6931856274604797, 0.6910573840141296, 0.7357026934623718, 0.7531532645225525, 0.7847900390625, 0.8057940006256104, 0.8199240565299988, 0.8240559101104736, 0.8372634053230286, 0.8396986126899719, 0.8391233086585999, 0.8392440676689148, 0.8441563844680786, 0.8419618606567383, 0.8461102843284607, 0.8469656109809875, 0.8445123434066772, 0.8387083411216736, 0.8465332388877869, 0.8460202813148499, 0.8470264077186584], "val_accuracy": [0.18592964112758636, 0.18592964112758636, 0.18592964112758636, 0.18592964112758636, 0.18592964112758636, 0.18592964112758636, 0.18592964112758636, 0.18592964112758636, 0.18592964112758636, 0.18592964112758636, 0.18592964112758636, 0.18844221532344818, 0.21105527877807617, 0.2487437129020691, 0.27889448404312134, 0.3442211151123047, 0.3467336595058441, 0.30402010679244995, 0.3693467378616333, 0.39698493480682373, 0.4396984875202179, 0.4296482503414154, 0.4748743772506714, 0.5150753855705261, 0.5402010083198547, 0.5577889680862427, 0.572864294052124, 0.590452253818512, 0.572864294052124, 0.5653266310691833, 0.5854271650314331, 0.5753768682479858, 0.5804020166397095, 0.590452253818512, 0.5753768682479858, 0.5577889680862427, 0.590452253818512, 0.5778894424438477, 0.5753768682479858], "val_loss": [3.592655658721924, 2.9020683765411377, 4.638092994689941, 7.159574508666992, 17.591707229614258, 16.708322525024414, 15.55915355682373, 13.952173233032227, 12.415724754333496, 9.135748863220215, 8.014495849609375, 6.239871025085449, 4.869046688079834, 3.580991744995117, 2.3770220279693604, 1.9789892435073853, 1.8582799434661865, 1.6172436475753784, 1.4159172773361206, 1.4486240148544312, 1.3401697874069214, 1.3192164897918701, 1.2549461126327515, 1.2022875547409058, 1.1700860261917114, 1.1642730236053467, 1.1513535976409912, 1.1291478872299194, 1.1288293600082397, 1.1301907300949097, 1.1250020265579224, 1.1428496837615967, 1.1144729852676392, 1.1212444305419922, 1.1464264392852783, 1.1715724468231201, 1.1311943531036377, 1.1231852769851685, 1.126802682876587], "val_precision": [0.18592964112758636, 0.18592964112758636, 0.18592964112758636, 0.18592964112758636, 0.18592964112758636, 0.18592964112758636, 0.18592964112758636, 0.18592964112758636, 0.18592964112758636, 0.18592964112758636, 0.18592964112758636, 0.18844221532344818, 0.2131979763507843, 0.2670454680919647, 0.31707316637039185, 0.4057970941066742, 0.3720930218696594, 0.28021979331970215, 0.6393442749977112, 0.6534653306007385, 0.7303370833396912, 0.6102941036224365, 0.7857142686843872, 0.8584905862808228, 0.761904776096344, 0.782608687877655, 0.8030303120613098, 0.7762237787246704, 0.7941176295280457, 0.7814569473266602, 0.7913669347763062, 0.7579618096351624, 0.7309941649436951, 0.7604790329933167, 0.759036123752594, 0.7972028255462646, 0.762499988079071, 0.7368420958518982, 0.7682926654815674], "val_recall": [0.18592964112758636, 0.18592964112758636, 0.18592964112758636, 0.18592964112758636, 0.18592964112758636, 0.18592964112758636, 0.18592964112758636, 0.18592964112758636, 0.18592964112758636, 0.18592964112758636, 0.18592964112758636, 0.18844221532344818, 0.21105527877807617, 0.23618090152740479, 0.22864320874214172, 0.21105527877807617, 0.16080401837825775, 0.12814070284366608, 0.09798994660377502, 0.1658291518688202, 0.16331657767295837, 0.20854271948337555, 0.19346733391284943, 0.22864320874214172, 0.28140702843666077, 0.2713567912578583, 0.26633167266845703, 0.27889448404312134, 0.2713567912578583, 0.2964824140071869, 0.2763819098472595, 0.2989949882030487, 0.31407034397125244, 0.3190954625606537, 0.31658291816711426, 0.286432147026062, 0.3065326511859894, 0.31658291816711426, 0.31658291816711426],