{"AUC": [0.7194265723228455, 0.8179599642753601, 0.8593500852584839, 0.8846378922462463, 0.9122322797775269, 0.9301305413246155, 0.948211669921875, 0.9618648886680603, 0.9762874245643616, 0.9805104732513428, 0.9872240424156189, 0.988127589225769, 0.9903775453567505, 0.9914510250091553, 0.9953681230545044, 0.9960687756538391, 0.9967612028121948, 0.9972153902053833, 0.9981968402862549, 0.9985648989677429], "accuracy": [0.43010076880455017, 0.5516372919082642, 0.5793451070785522, 0.6290931701660156, 0.6700251698493958, 0.7034004926681519, 0.75, 0.7707808613777161, 0.8280856609344482, 0.8413098454475403, 0.8772040009498596, 0.8784634470939636, 0.8885390162467957, 0.9023929238319397, 0.9256926774978638, 0.9357682466506958, 0.9370276927947998, 0.9515113234519958, 0.9578085541725159, 0.9590680003166199], "loss": [1.8942432403564453, 1.255327582359314, 1.0932433605194092, 1.004146695137024, 0.8785038590431213, 0.7729880213737488, 0.667959451675415, 0.5549952387809753, 0.4493176341056824, 0.4009692370891571, 0.32607337832450867, 0.3105347454547882, 0.28714999556541443, 0.2480161488056183, 0.18633122742176056, 0.16851302981376648, 0.15461742877960205, 0.12360860407352448, 0.10484400391578674, 0.11317114531993866], "precision": [0.5151148438453674, 0.7183098793029785, 0.761904776096344, 0.7814499139785767, 0.8247950673103333, 0.8269402384757996, 0.8584437370300293, 0.8767772316932678, 0.9037313461303711, 0.8974729180335999, 0.9293628931045532, 0.9207650423049927, 0.9271746277809143, 0.934855580329895, 0.9480946063995361, 0.9517601132392883, 0.9525973796844482, 0.9658064246177673, 0.9666880369186401, 0.9668367505073547], "recall": [0.26826196908950806, 0.32115867733955383, 0.39294710755348206, 0.4615868926048279, 0.506926953792572, 0.5837531685829163, 0.6530226469039917, 0.6989924311637878, 0.76259446144104, 0.7827455997467041, 0.8450881838798523, 0.8488665223121643, 0.8658690452575684, 0.8765742778778076, 0.9086901545524597, 0.9193954467773438, 0.9238035082817078, 0.9426952004432678, 0.9502518773078918, 0.9546599388122559], "val_AUC": [0.5463932752609253, 0.48910069465637207, 0.5444630980491638, 0.5680466890335083, 0.5800002813339233, 0.6134109497070312, 0.7688875794410706, 0.7601361870765686, 0.8215433359146118, 0.8084778189659119, 0.8560832142829895, 0.8725996017456055, 0.8459904193878174, 0.8512308597564697, 0.8673754930496216, 0.8649915456771851, 0.8576210141181946, 0.854392945766449, 0.8577624559402466, 0.8477516174316406], "val_accuracy": [0.18592964112758636, 0.18844221532344818, 0.21105527877807617, 0.28894472122192383, 0.27889448404312134, 0.25628140568733215, 0.5100502371788025, 0.4070351719856262, 0.5653266310691833, 0.5, 0.5979899764060974, 0.6030150651931763, 0.6005024909973145, 0.6055276393890381, 0.6281406879425049, 0.6206030249595642, 0.6206030249595642, 0.6030150651931763, 0.6206030249595642, 0.5954774022102356], "val_loss": [3.545469045639038, 4.065452575683594, 3.6451125144958496, 3.4155936241149902, 3.1614036560058594, 2.3116540908813477, 1.4088788032531738, 1.35626220703125, 1.2434180974960327, 1.401934027671814, 1.1330407857894897, 1.1339519023895264, 1.364871859550476, 1.4263038635253906, 1.356469988822937, 1.413469910621643, 1.5081764459609985, 1.5764261484146118, 1.596057653427124, 1.6543793678283691], "val_precision": [0.186397984623909, 0.186397984623909, 0.21293801069259644, 0.30965909361839294, 0.3065902590751648, 0.2977346181869507, 0.60317462682724, 0.45258620381355286, 0.6148648858070374, 0.5462686419487, 0.6446540951728821, 0.65329509973526, 0.643478274345398, 0.635869562625885, 0.637837827205658, 0.6449864506721497, 0.6530054807662964, 0.6346666812896729, 0.6385224461555481, 0.6205962300300598], "val_recall": [0.18592964112758636, 0.18592964112758636, 0.19849246740341187, 0.2738693356513977, 0.26884421706199646, 0.23115578293800354, 0.286432147026062, 0.2638190984725952, 0.45728641748428345, 0.45979899168014526, 0.5150753855705261, 0.572864294052124, 0.5577889680862427, 0.5879396796226501, 0.5929648280143738, 0.5979899764060974, 0.6005024909973145, 0.5979899764060974, 0.6080402135848999, 0.5753768682479858], "val_weighted_f1": [0.06143943965435028, 0.06596477329730988, 0.15276339650154114, 0.2288227677345276, 0.21589972078800201, 0.21038654446601868, 0.48287302255630493, 0.38562992215156555, 0.5256290435791016, 0.4838034212589264, 0.5981193780899048, 0.596714198589325, 0.5962125658988953, 0.5912606716156006, 0.6161343455314636, 0.6070668697357178, 0.5998860597610474, 0.5832107067108154, 0.6119310259819031, 0.592760443687439], "weighted_f1": [0.431346595287323, 0.5474737882614136, 0.5808351635932922, 0.6256239414215088, 0.6695286631584167, 0.7077713012695312, 0.7514609694480896, 0.7722198367118835, 0.8280136585235596, 0.8449210524559021, 0.8792749047279358, 0.8794283270835876, 0.8882800936698914, 0.9034917950630188, 0.9263434410095215, 0.9366342425346375, 0.9384209513664246, 0.9509114027023315, 0.9582546353340149, 0.9592176675796509], "learning_rate": [0.0005000000237487257, 0.0005000000237487257, 0.0005000000237487257, 0.0005000000237487257, 0.0005000000237487257, 0.0005000000237487257, 0.0005000000237487257, 0.0005000000237487257, 0.0005000000237487257, 0.0005000000237487257, 0.0005000000237487257, 0.0005000000237487257, 0.0005000000237487257, 0.0005000000237487257, 0.0002500000118743628, 0.0002500000118743628, 0.0002500000118743628, 0.0001250000059371814, 0.0001250000059371814, 0.0001250000059371814]}