{"AUC": [0.5088562369346619, 0.5266801714897156, 0.531708836555481, 0.5334752202033997, 0.5796216726303101, 0.618544340133667, 0.643098771572113, 0.622652530670166, 0.6454914808273315, 0.6496407389640808, 0.6729730367660522, 0.6760466694831848, 0.6880778670310974, 0.7199651598930359, 0.7102195620536804, 0.7194878458976746, 0.7273722887039185, 0.7389633059501648, 0.7317556142807007, 0.7451384663581848, 0.7350229620933533, 0.7446296811103821, 0.7397947907447815, 0.7476422786712646, 0.7474556565284729, 0.7512649297714233, 0.7436048984527588, 0.744199275970459, 0.7482146620750427, 0.7439647316932678, 0.746979832649231, 0.740811288356781, 0.7481648325920105, 0.7517489790916443, 0.7447291612625122], "accuracy": [0.20403023064136505, 0.22670024633407593, 0.23740553855895996, 0.22670024633407593, 0.2770780920982361, 0.3148614466190338, 0.32871535420417786, 0.3148614466190338, 0.32304784655570984, 0.32367756962776184, 0.35768261551856995, 0.3507556617259979, 0.35390427708625793, 0.4011335074901581, 0.38790932297706604, 0.4030226767063141, 0.42821159958839417, 0.4357682764530182, 0.44710326194763184, 0.45088160037994385, 0.4590680003166199, 0.4697732925415039, 0.45654910802841187, 0.45780855417251587, 0.4672544002532959, 0.4716624617576599, 0.4590680003166199, 0.4760705232620239, 0.4628463387489319, 0.4748110771179199, 0.4622166156768799, 0.4628463387489319, 0.4691435694694519, 0.4735516309738159, 0.4666246771812439], "loss": [8.392221450805664, 7.1648335456848145, 6.681884765625, 6.338220119476318, 4.413137435913086, 2.9616901874542236, 2.4417312145233154, 2.2607810497283936, 2.093289852142334, 1.8065834045410156, 1.5507454872131348, 1.4532229900360107, 1.4111518859863281, 1.340320348739624, 1.3307011127471924, 1.3155521154403687, 1.3041216135025024, 1.3088550567626953, 1.3016517162322998, 1.2657594680786133, 1.281018853187561, 1.2683604955673218, 1.2528518438339233, 1.257592797279358, 1.2543457746505737, 1.2416021823883057, 1.2642905712127686, 1.2695376873016357, 1.2496243715286255, 1.259061574935913, 1.2579151391983032, 1.2729690074920654, 1.2421681880950928, 1.2372533082962036, 1.2626651525497437], "precision": [0.20302234590053558, 0.230158731341362, 0.23735670745372772, 0.2316991239786148, 0.28205129504203796, 0.35489219427108765, 0.37037035822868347, 0.40547263622283936, 0.4253632724285126, 0.4982638955116272, 0.6223776340484619, 0.6775068044662476, 0.7486772537231445, 0.7512690424919128, 0.7719298005104065, 0.7682926654815674, 0.8024096488952637, 0.7753623127937317, 0.7785714268684387, 0.832524299621582, 0.8223844170570374, 0.8205128312110901, 0.8279816508293152, 0.8127853870391846, 0.8194774389266968, 0.8300220966339111, 0.7939814925193787, 0.8209302425384521, 0.8040089011192322, 0.8151447772979736, 0.7880184054374695, 0.8230088353157043, 0.8329519629478455, 0.8479262590408325, 0.8090909123420715], "recall": [0.19458438456058502, 0.2191435694694519, 0.2216624617576599, 0.2172544151544571, 0.24244332313537598, 0.26952141523361206, 0.258186399936676, 0.20528967678546906, 0.20277078449726105, 0.18073047697544098, 0.16813601553440094, 0.1574307233095169, 0.17821158468723297, 0.186397984623909, 0.19395466148853302, 0.19836272299289703, 0.20969773828983307, 0.20214106142520905, 0.20591939985752106, 0.2159949690103531, 0.21284635365009308, 0.2216624617576599, 0.22732996940612793, 0.22418135404586792, 0.2172544151544571, 0.23677581548690796, 0.2159949690103531, 0.22229218482971191, 0.22732996940612793, 0.23047858476638794, 0.2153652459383011, 0.23425692319869995, 0.22921913862228394, 0.23173803091049194, 0.22418135404586792], "val_AUC": [0.6661779284477234, 0.5645935535430908, 0.6147626638412476, 0.6536679863929749, 0.7006815075874329, 0.7418933510780334, 0.7124520540237427, 0.724446713924408, 0.7202572822570801, 0.7359505295753479, 0.7189724445343018, 0.6916476488113403, 0.703467071056366, 0.7000035643577576, 0.6940157413482666, 0.6909736394882202, 0.6887791156768799, 0.7006593346595764, 0.6989604830741882, 0.6946170330047607, 0.6919025182723999, 0.6945767402648926, 0.69819176197052, 0.6983181238174438, 0.6972828507423401, 0.6966484189033508, 0.6972306370735168, 0.6965166330337524, 0.6967950463294983, 0.6952925324440002, 0.6945784687995911, 0.6952713131904602, 0.6947362422943115, 0.6961708664894104, 0.6974698305130005], "val_accuracy": [0.21608039736747742, 0.18090452253818512, 0.18844221532344818, 0.32663315534591675, 0.36432161927223206, 0.4874371886253357, 0.4246231019496918, 0.4271356761455536, 0.4648241102695465, 0.4648241102695465, 0.4396984875202179, 0.4195979833602905, 0.44472360610961914, 0.43467336893081665, 0.4195979833602905, 0.4170854389667511, 0.4145728647708893, 0.43216079473495483, 0.4296482503414154, 0.43467336893081665, 0.4422110617160797, 0.4497487545013428, 0.44723618030548096, 0.4497487545013428, 0.4497487545013428, 0.4497487545013428, 0.4497487545013428, 0.454773873090744, 0.45979899168014526, 0.45979899168014526, 0.45728641748428345, 0.454773873090744, 0.45728641748428345, 0.45728641748428345, 0.45728641748428345], "val_loss": [1.5081921815872192, 1.9700713157653809, 2.181636095046997, 1.8841551542282104, 1.6023257970809937, 1.501939058303833, 1.6400070190429688, 1.8227088451385498, 1.9104886054992676, 1.9572900533676147, 2.103170871734619, 2.3685994148254395, 2.453913927078247, 2.7268590927124023, 2.9655396938323975, 3.4221794605255127, 3.832105875015259, 4.156377792358398, 4.675937175750732, 5.298450946807861, 5.827999114990234, 6.40142297744751, 6.980070114135742, 7.674066066741943, 8.315398216247559, 8.969160079956055, 9.60493278503418, 10.222495079040527, 10.739995956420898, 11.220947265625, 11.591902732849121, 11.927319526672363, 12.283454895019531, 12.442110061645508, 12.66185188293457], "val_precision": [0.0, 0.11616161465644836, 0.1671554297208786, 0.41015625, 0.43111109733581543, 0.5451263785362244, 0.5555555820465088, 0.4576271176338196, 0.533073902130127, 0.517241358757019, 0.47133758664131165, 0.45652174949645996, 0.47697368264198303, 0.45980706810951233, 0.4371069073677063, 0.4354354441165924, 0.4175824224948883, 0.44262295961380005, 0.42513367533683777, 0.4375, 0.43927648663520813, 0.44897958636283875, 0.4512820541858673, 0.4529262185096741, 0.45063289999961853, 0.4517766535282135, 0.45088160037994385, 0.45591938495635986, 0.4609571695327759, 0.4609571695327759, 0.45843827724456787, 0.45591938495635986, 0.45843827724456787, 0.45843827724456787, 0.45843827724456787], "val_recall": [0.0, 0.057788945734500885, 0.143216073513031, 0.2638190984725952, 0.24371859431266785, 0.3793969750404358, 0.35175880789756775, 0.4070351719856262, 0.3442211151123047, 0.37688443064689636, 0.37185928225517273, 0.3693467378616333, 0.36432161927223206, 0.3592964708805084, 0.34924623370170593, 0.36432161927223206, 0.3819095492362976, 0.4070351719856262, 0.39949747920036316, 0.42211055755615234, 0.4271356761455536, 0.4422110617160797, 0.4422110617160797, 0.44723618030548096, 0.44723618030548096, 0.44723618030548096, 0.4497487545013428, 0.454773873090744, 0.45979899168014526, 0.45979899168014526, 0.45728641748428345, 0.454773873090744, 0.45728641748428345, 0.45728641748428345, 0.45728641748428345], "val_weighted_f1": [0.14569008350372314, 0.11972902715206146, 0.13676126301288605, 0.26207485795021057, 0.3583923876285553, 0.4658057987689972, 0.36840352416038513, 0.347189724445343, 0.4067404568195343, 0.41825515031814575, 0.3863947093486786, 0.36056509613990784, 0.38790005445480347, 0.37485575675964355, 0.3822539448738098, 0.36606696248054504, 0.3836095631122589, 0.3968583047389984, 0.3936472535133362, 0.4000379145145416, 0.4079491198062897, 0.42038488388061523, 0.42257222533226013, 0.43255123496055603, 0.42628931999206543, 0.42505931854248047, 0.42505931854248047, 0.42814499139785767, 0.4395596385002136, 0.43981871008872986, 0.4377894997596741, 0.4363069534301758, 0.4383692741394043, 0.4383692741394043, 0.4376891553401947],