{"AUC": [0.6629335880279541, 0.711441159248352, 0.7495763897895813, 0.7100925445556641, 0.6763791441917419, 0.6878243088722229, 0.6918383240699768, 0.7190892100334167, 0.7281988859176636, 0.7446801662445068, 0.7286948561668396, 0.72745680809021, 0.7235565781593323, 0.7406224012374878, 0.7280253171920776, 0.728964626789093, 0.7661822438240051, 0.7666060924530029, 0.7701144814491272, 0.73725825548172, 0.7422093749046326, 0.7485354542732239, 0.7496324777603149, 0.7622058987617493, 0.7372882962226868], "accuracy": [0.4042821228504181, 0.50944584608078, 0.51259446144104, 0.48551636934280396, 0.4672544002532959, 0.4666246771812439, 0.47795969247817993, 0.48047858476638794, 0.4603274464607239, 0.4748110771179199, 0.4754408001899719, 0.4716624617576599, 0.4634760618209839, 0.4760705232620239, 0.4767002463340759, 0.4622166156768799, 0.48110830783843994, 0.47795969247817993, 0.48362720012664795, 0.4697732925415039, 0.4760705232620239, 0.48425692319869995, 0.48488664627075195, 0.498110830783844, 0.47921913862228394], "loss": [6.8422956466674805, 1.4686381816864014, 1.4366421699523926, 1.4357086420059204, 1.4315162897109985, 1.4069676399230957, 1.3913323879241943, 1.385240077972412, 1.4016520977020264, 1.3734688758850098, 1.378926396369934, 1.365906834602356, 1.3684630393981934, 1.3741321563720703, 1.3673075437545776, 1.3668451309204102, 1.3457709550857544, 1.3429728746414185, 1.3226804733276367, 1.3542479276657104, 1.3395220041275024, 1.3327893018722534, 1.3214259147644043, 1.2987747192382812, 1.3311766386032104], "precision": [0.44487056136131287, 0.8265582919120789, 0.828125, 0.8438438177108765, 0.8956229090690613, 0.9075907468795776, 0.9513888955116272, 0.9369085431098938, 0.9322034120559692, 0.8866279125213623, 0.932692289352417, 0.9569536447525024, 0.9431437849998474, 0.932721734046936, 0.9662162065505981, 0.9522184133529663, 0.9867109656333923, 0.918181836605072, 0.9580838084220886, 0.9632107019424438, 0.9432176947593689, 0.9518072009086609, 0.954954981803894, 0.9797101616859436, 0.958730161190033], "recall": [0.29219144582748413, 0.19206549227237701, 0.20025189220905304, 0.17695213854312897, 0.16750629246234894, 0.17317380011081696, 0.17254407703876495, 0.187027707695961, 0.17317380011081696, 0.19206549227237701, 0.183249369263649, 0.18198992311954498, 0.17758186161518097, 0.19206549227237701, 0.18010075390338898, 0.17569269239902496, 0.187027707695961, 0.190806046128273, 0.20151133835315704, 0.18136020004749298, 0.188287153840065, 0.19899244606494904, 0.20025189220905304, 0.21284635365009308, 0.190176323056221], "val_AUC": [0.5662585496902466, 0.5803743600845337, 0.548029899597168, 0.5143201947212219, 0.49697771668434143, 0.47120732069015503, 0.4634920656681061, 0.4488586187362671, 0.5063082575798035, 0.577235996723175, 0.544968843460083, 0.5980230569839478, 0.6571093797683716, 0.6173202991485596, 0.6340370178222656, 0.7028160691261292, 0.7976700067520142, 0.7465997338294983, 0.7753773331642151, 0.7790870070457458, 0.7435733675956726, 0.761598527431488, 0.7893527150154114, 0.7911739349365234, 0.7978838682174683], "val_accuracy": [0.30150753259658813, 0.28140702843666077, 0.25376883149147034, 0.2010050266981125, 0.18844221532344818, 0.20603014528751373, 0.1658291518688202, 0.13567839562892914, 0.21105527877807617, 0.28140702843666077, 0.3090452253818512, 0.3668341636657715, 0.402010053396225, 0.37688443064689636, 0.3844221234321594, 0.4246231019496918, 0.5226130485534668, 0.4748743772506714, 0.5025125741958618, 0.5050251483917236, 0.4874371886253357, 0.4974874258041382, 0.520100474357605, 0.5050251483917236, 0.5276381969451904], "val_loss": [13.644408226013184, 10.610834121704102, 8.934846878051758, 8.917641639709473, 8.656744956970215, 4.640548229217529, 2.7006032466888428, 2.102146863937378, 1.7453746795654297, 1.5847231149673462, 1.65080988407135, 1.5467287302017212, 1.5113623142242432, 1.5175647735595703, 1.504932165145874, 1.46433424949646, 1.3746768236160278, 1.4261327981948853, 1.3605502843856812, 1.3315140008926392, 1.385663390159607, 1.3533751964569092, 1.3160104751586914, 1.2794303894042969, 1.2729699611663818], "val_precision": [0.30226701498031616, 0.28140702843666077, 0.25376883149147034, 0.20151133835315704, 0.18844221532344818, 0.2020997405052185, 0.1320754736661911, 0.15555556118488312, 0.4285714328289032, 0.6363636255264282, 0.4333333373069763, 0.9333333373069763, 0.9655172228813171, 0.9642857313156128, 0.9333333373069763, 0.9411764740943909, 1.0, 0.7884615659713745, 0.8548387289047241, 0.9230769276618958, 0.9019607901573181, 0.9285714030265808, 0.9076923131942749, 0.9032257795333862, 0.9397590160369873], "val_recall": [0.30150753259658813, 0.28140702843666077, 0.25376883149147034, 0.2010050266981125, 0.18844221532344818, 0.19346733391284943, 0.035175878554582596, 0.017587939277291298, 0.007537688594311476, 0.05276381969451904, 0.032663315534591675, 0.035175878554582596, 0.07035175710916519, 0.06783919781446457, 0.07035175710916519, 0.08040200918912888, 0.0829145759344101, 0.10301507264375687, 0.13316583633422852, 0.15075376629829407, 0.11557789146900177, 0.1306532621383667, 0.14824120700359344, 0.21105527877807617, 0.19597989320755005], "val_weighted_f1": [0.14704371988773346, 0.15027593076229095, 0.15073777735233307, 0.08743911981582642, 0.06190389394760132, 0.10556022077798843, 0.11388875544071198, 0.08711850643157959, 0.15564998984336853, 0.23690560460090637, 0.28906941413879395, 0.3192363679409027, 0.311601847410202, 0.28948497772216797, 0.2910652458667755, 0.36160579323768616, 0.44156283140182495, 0.43620768189430237, 0.4470939338207245, 0.453390508890152, 0.4314068853855133, 0.44148311018943787, 0.4509250521659851, 0.4463624060153961, 0.4463280737400055], "weighted_f1": [0.3713941276073456, 0.44600123167037964, 0.44710758328437805, 0.4220028221607208, 0.39009228348731995, 0.3865332007408142, 0.3910541832447052, 0.3917946517467499, 0.381855309009552, 0.4009961783885956, 0.39436396956443787, 0.39355364441871643, 0.3793531060218811, 0.4026442766189575, 0.39215853810310364, 0.37799394130706787, 0.3968842029571533, 0.3984907269477844, 0.40812602639198303, 0.39001113176345825, 0.39981234073638916, 0.40074390172958374, 0.4080292880535126, 0.4173429012298584, 0.4013293385505676], "learning_rate": [0.0005000000237487257, 0.0005000000237487257, 0.0005000000237487257, 0.0005000000237487257, 0.0005000000237487257, 0.0005000000237487257, 0.0005000000237487257, 0.0005000000237487257, 0.0005000000237487257, 0.0005000000237487257, 0.0005000000237487257, 0.0005000000237487257, 0.0005000000237487257, 0.0005000000237487257, 0.0005000000237487257, 0.0005000000237487257, 0.0005000000237487257, 0.0005000000237487257, 0.0005000000237487257, 0.0005000000237487257, 0.0005000000237487257, 0.0005000000237487257, 0.0005000000237487257, 0.0005000000237487257, 0.0005000000237487257]}