{"AUC": [0.5072807669639587, 0.5118032693862915, 0.5043063163757324, 0.5117620229721069, 0.5108479857444763, 0.5178511142730713, 0.523056149482727, 0.5458821058273315, 0.5320239663124084, 0.5473447442054749, 0.5328763723373413, 0.5444194674491882, 0.5326170325279236, 0.5372357368469238, 0.5346792340278625, 0.5327246785163879, 0.5248145461082458], "accuracy": [0.20843829214572906, 0.2172544151544571, 0.21284635365009308, 0.21095718443393707, 0.20969773828983307, 0.21473552286624908, 0.2153652459383011, 0.24307304620742798, 0.21284635365009308, 0.23299747705459595, 0.22229218482971191, 0.24307304620742798, 0.2185138612985611, 0.22418135404586792, 0.2204030156135559, 0.22984886169433594, 0.2204030156135559], "loss": [16.869468688964844, 18.320348739624023, 15.64205551147461, 11.518473625183105, 10.044341087341309, 6.681296348571777, 5.722015380859375, 4.593777179718018, 4.273474216461182, 3.22190260887146, 3.270108699798584, 2.8112435340881348, 2.8408143520355225, 2.3441250324249268, 2.2971460819244385, 2.336507558822632, 2.4613237380981445], "precision": [0.2106979787349701, 0.2186903953552246, 0.21286173164844513, 0.212442085146904, 0.2093987613916397, 0.21764279901981354, 0.22631166875362396, 0.2502424716949463, 0.24664224684238434, 0.3081081211566925, 0.2623574137687683, 0.3037974536418915, 0.28260868787765503, 0.3366013169288635, 0.3298611044883728, 0.33916082978248596, 0.31864407658576965], "recall": [0.20340050756931305, 0.2166246920824051, 0.20843829214572906, 0.20214106142520905, 0.190806046128273, 0.189546599984169, 0.18198992311954498, 0.16246850788593292, 0.127204030752182, 0.10768262296915054, 0.08690176159143448, 0.09068010002374649, 0.06549118459224701, 0.06486146152019501, 0.05982367694377899, 0.061083123087882996, 0.05919395387172699], "val_AUC": [0.47147172689437866, 0.5418810248374939, 0.530375599861145, 0.5410611629486084, 0.6902406215667725, 0.6271147727966309, 0.6527155637741089, 0.5585599541664124, 0.6965323090553284, 0.7347485423088074, 0.7398921847343445, 0.7595372796058655, 0.6902738213539124, 0.70357346534729, 0.6993343234062195, 0.6805896162986755, 0.664542019367218], "val_accuracy": [0.1658291518688202, 0.28140702843666077, 0.2487437129020691, 0.2512562870979309, 0.30402010679244995, 0.23618090152740479, 0.2964824140071869, 0.23618090152740479, 0.311557799577713, 0.39949747920036316, 0.47236180305480957, 0.4773869216442108, 0.40954774618148804, 0.4246231019496918, 0.4271356761455536, 0.4195979833602905, 0.4145728647708893], "val_loss": [2.1526174545288086, 2.0368547439575195, 2.1968021392822266, 2.554128885269165, 1.4620893001556396, 1.5036342144012451, 1.7111693620681763, 1.93449866771698, 1.761394739151001, 1.8249622583389282, 2.865666627883911, 3.2716891765594482, 5.360658168792725, 6.908520698547363, 10.772716522216797, 15.047385215759277, 18.48332405090332], "val_precision": [0.0, 0.30674847960472107, 0.5333333611488342, 0.2752613127231598, 0.6000000238418579, 0.3888888955116272, 0.7904762029647827, 0.3484848439693451, 0.7222222089767456, 0.5829145908355713, 0.5542635917663574, 0.5451505184173584, 0.4404761791229248, 0.4664634168148041, 0.44565218687057495, 0.4296875, 0.4270833432674408], "val_recall": [0.0, 0.12562814354896545, 0.14070351421833038, 0.19849246740341187, 0.07537688314914703, 0.08793970197439194, 0.20854271948337555, 0.11557789146900177, 0.22864320874214172, 0.29145729541778564, 0.3592964708805084, 0.40954774618148804, 0.37185928225517273, 0.3844221234321594, 0.41206029057502747, 0.4145728647708893, 0.41206029057502747], "val_weighted_f1": [0.07820069789886475, 0.16410671174526215, 0.12296734005212784, 0.15488621592521667, 0.29143136739730835, 0.16821494698524475, 0.23074975609779358, 0.21134230494499207, 0.2399052232503891, 0.3535260260105133, 0.4029521942138672, 0.40916353464126587, 0.3694089353084564, 0.36140772700309753, 0.376508504152298, 0.37910690903663635, 0.3692910671234131], "weighted_f1": [0.20719094574451447, 0.21681354939937592, 0.21899648010730743, 0.21190562844276428, 0.21776451170444489, 0.2194792777299881, 0.2212909758090973, 0.24924473464488983, 0.22096985578536987, 0.24317888915538788, 0.2286650836467743, 0.2506471872329712, 0.22661031782627106, 0.22661660611629486, 0.2216600775718689, 0.23535475134849548, 0.22502897679805756], "learning_rate": [0.0005000000237487257, 0.0005000000237487257, 0.0005000000237487257, 0.0005000000237487257, 0.0005000000237487257, 0.0005000000237487257, 0.0005000000237487257, 0.0005000000237487257, 0.0002500000118743628, 0.0002500000118743628, 0.0002500000118743628, 0.0001250000059371814, 0.0001250000059371814, 0.0001250000059371814, 6.25000029685907e-05, 6.25000029685907e-05, 6.25000029685907e-05]}