{"AUC": [0.7025324106216431, 0.7327054142951965, 0.7337386012077332, 0.7574087977409363, 0.8022265434265137, 0.8230135440826416, 0.8268266916275024, 0.8489792346954346, 0.8625262975692749, 0.86810702085495, 0.874494731426239, 0.8774089813232422, 0.8835870623588562, 0.8874220252037048, 0.8972447514533997, 0.8968842625617981, 0.9025707244873047, 0.9041324853897095, 0.9014822244644165, 0.9053044319152832, 0.9060249328613281, 0.9079134464263916, 0.9110760688781738, 0.9095174074172974, 0.910943865776062, 0.9081373810768127, 0.9154667258262634, 0.9141008853912354, 0.9168282747268677, 0.9122319221496582, 0.9206135272979736, 0.9217446446418762, 0.9179096817970276, 0.9217036962509155, 0.9207626581192017, 0.9235202074050903, 0.9215807914733887, 0.9212470650672913, 0.9259357452392578, 0.9245672225952148, 0.9239931702613831, 0.9250513315200806], "accuracy": [0.39168766140937805, 0.367758184671402, 0.382241815328598, 0.372795969247818, 0.45528966188430786, 0.44584381580352783, 0.4414357542991638, 0.4653652310371399, 0.4767002463340759, 0.514483630657196, 0.5195214152336121, 0.5232997536659241, 0.5377833843231201, 0.5352644920349121, 0.5516372919082642, 0.5516372919082642, 0.5774559378623962, 0.5724181532859802, 0.5636020302772522, 0.5692695379257202, 0.5793451070785522, 0.5755667686462402, 0.5787153840065002, 0.5730478763580322, 0.5761964917182922, 0.5698992609977722, 0.5969773530960083, 0.5894206762313843, 0.5925692915916443, 0.5787153840065002, 0.5994962453842163, 0.6064231991767883, 0.5950881838798523, 0.6064231991767883, 0.5994962453842163, 0.6102015376091003, 0.5976070761680603, 0.6007556915283203, 0.6202771067619324, 0.6127204298973083, 0.6020151376724243, 0.6083123683929443], "loss": [2.3864686489105225, 1.4044007062911987, 1.3187021017074585, 1.3166723251342773, 1.2309991121292114, 1.1629146337509155, 1.1479490995407104, 1.0705641508102417, 1.0305925607681274, 1.0116342306137085, 0.9899008274078369, 0.9794366359710693, 0.9522232413291931, 0.9375090599060059, 0.9116340279579163, 0.8991328477859497, 0.8890805840492249, 0.8841339945793152, 0.8852677345275879, 0.8766237497329712, 0.8682954907417297, 0.867632269859314, 0.8406839966773987, 0.8557535409927368, 0.8493973016738892, 0.8574085235595703, 0.8294387459754944, 0.8281533718109131, 0.820722758769989, 0.8430333137512207, 0.8093472123146057, 0.8059878349304199, 0.8150462508201599, 0.8065598607063293, 0.7948247790336609, 0.7796323895454407, 0.7999996542930603, 0.7939084768295288, 0.7791357040405273, 0.7797757983207703, 0.7840787768363953, 0.7857217192649841], "precision": [0.4875943958759308, 0.8031914830207825, 0.7825112342834473, 0.7473683953285217, 0.764214038848877, 0.8166969418525696, 0.7934426069259644, 0.8401305079460144, 0.8578274846076965, 0.8508371114730835, 0.8414285778999329, 0.8474074006080627, 0.8503496646881104, 0.8577347993850708, 0.8701117038726807, 0.8352638483047485, 0.8654592633247375, 0.8516623973846436, 0.8551282286643982, 0.8662251830101013, 0.8717277646064758, 0.8698539137840271, 0.8803641200065613, 0.8683544397354126, 0.8660826086997986, 0.8702290058135986, 0.8662576675415039, 0.8599752187728882, 0.8799019455909729, 0.8710492849349976, 0.8775510191917419, 0.8824242353439331, 0.8665879368782043, 0.8775267601013184, 0.8784596920013428, 0.8752913475036621, 0.8787515163421631, 0.8576388955116272, 0.8913551568984985, 0.8863636255264282, 0.8741258978843689, 0.8809801340103149], "recall": [0.2846347689628601, 0.190176323056221, 0.2197732925415039, 0.22355163097381592, 0.2877833843231201, 0.2833753228187561, 0.30478590726852417, 0.32430729269981384, 0.3381612002849579, 0.35201510787010193, 0.370906800031662, 0.36020150780677795, 0.38287153840065, 0.39105793833732605, 0.39231738448143005, 0.4086901843547821, 0.42128464579582214, 0.41939547657966614, 0.42002519965171814, 0.4118387997150421, 0.41939547657966614, 0.4124685227870941, 0.42632243037223816, 0.4319899380207062, 0.4357682764530182, 0.4307304918766022, 0.44458436965942383, 0.4370277225971222, 0.45214104652404785, 0.4338791072368622, 0.4603274464607239, 0.45843827724456787, 0.4622166156768799, 0.4647355079650879, 0.4596977233886719, 0.4729219079017639, 0.4609571695327759, 0.4666246771812439, 0.48047858476638794, 0.4666246771812439, 0.4722921848297119, 0.4754408001899719], "val_AUC": [0.4723515212535858, 0.4640050232410431, 0.5631754994392395, 0.51761394739151, 0.5098986625671387, 0.5089249610900879, 0.5231568217277527, 0.545656144618988, 0.5427025556564331, 0.5687151551246643, 0.5909122228622437, 0.5851886868476868, 0.6052892208099365, 0.642169713973999, 0.6487414836883545, 0.6568615436553955, 0.6678785085678101, 0.691880464553833, 0.7056647539138794, 0.7298253178596497, 0.7674388289451599, 0.7793892621994019, 0.8025294542312622, 0.8151664733886719, 0.8254921436309814, 0.8428211808204651, 0.8413826823234558, 0.8504109382629395, 0.8517880439758301, 0.8570687770843506, 0.8571942448616028, 0.8572171330451965, 0.8567870855331421, 0.8591182231903076, 0.8585191965103149, 0.8592380881309509, 0.8603255152702332, 0.8600382804870605, 0.8612732887268066, 0.8600438237190247, 0.8605692982673645, 0.8608952760696411], "val_accuracy": [0.20603014528751373, 0.18844221532344818, 0.18844221532344818, 0.18592964112758636, 0.18592964112758636, 0.18592964112758636, 0.18592964112758636, 0.18592964112758636, 0.18844221532344818, 0.20854271948337555, 0.2261306494474411, 0.22864320874214172, 0.24623115360736847, 0.25628140568733215, 0.2613065242767334, 0.3090452253818512, 0.34924623370170593, 0.3844221234321594, 0.38944724202156067, 0.4195979833602905, 0.47989949584007263, 0.4849246144294739, 0.49246230721473694, 0.5100502371788025, 0.5351758599281311, 0.570351779460907, 0.5778894424438477, 0.5753768682479858, 0.5879396796226501, 0.5879396796226501, 0.5753768682479858, 0.5753768682479858, 0.5804020166397095, 0.5829145908355713, 0.5929648280143738, 0.5954774022102356, 0.5954774022102356, 0.5929648280143738, 0.590452253818512, 0.5854271650314331, 0.5954774022102356, 0.5954774022102356], "val_loss": [2.334120512008667, 2.1338515281677246, 2.7256526947021484, 4.326370716094971, 3.371873378753662, 3.495067834854126, 3.483870267868042, 3.5356805324554443, 3.9662649631500244, 3.7175402641296387, 3.7003395557403564, 3.897686004638672, 3.426503896713257, 2.641058921813965, 2.6614015102386475, 2.4489552974700928, 2.270670175552368, 1.9897665977478027, 1.8855756521224976, 1.7127373218536377, 1.458452820777893, 1.4157930612564087, 1.3043233156204224, 1.2477573156356812, 1.191364049911499, 1.101082444190979, 1.1271734237670898, 1.0844660997390747, 1.0794397592544556, 1.0644994974136353, 1.0585302114486694, 1.0605181455612183, 1.0683009624481201, 1.065339207649231, 1.0677956342697144, 1.0709608793258667, 1.0712624788284302, 1.069579005241394, 1.0699927806854248, 1.0755940675735474, 1.0742149353027344, 1.072816252708435], "val_precision": [0.10869564861059189, 0.07692307978868484, 0.18734177947044373, 0.18592964112758636, 0.186397984623909, 0.1882951706647873, 0.18877550959587097, 0.19170984625816345, 0.19220779836177826, 0.19582244753837585, 0.21483376622200012, 0.22921913862228394, 0.24173027276992798, 0.26221078634262085, 0.26892951130867004, 0.29178470373153687, 0.33141210675239563, 0.40909090638160706, 0.4429530203342438, 0.503731369972229, 0.5702479481697083, 0.5743801593780518, 0.6186440587043762, 0.6536796689033508, 0.6742081642150879, 0.7263681888580322, 0.7023255825042725, 0.720588207244873, 0.7184466123580933, 0.761904776096344, 0.7526316046714783, 0.7552083134651184, 0.7487437129020691, 0.7754010558128357, 0.75, 0.765625, 0.7736842036247253, 0.7604166865348816, 0.7777777910232544, 0.7628865838050842, 0.7631579041481018, 0.761904776096344],